{
    "base_pn": "000-101323-03",
    "base_sn": "101922000400",
    "beam_altitude_angles": 
    [
        16.92,
        16.31,
        15.75,
        15.21,
        14.73,
        14.15,
        13.6,
        13.06,
        12.59,
        12.02,
        11.47,
        10.94,
        10.48,
        9.93,
        9.38,
        8.85,
        8.38,
        7.84,
        7.29,
        6.76,
        6.3,
        5.76,
        5.21,
        4.67,
        4.21,
        3.67,
        3.13,
        2.6,
        2.13,
        1.59,
        1.05,
        0.51,
        0.05,
        -0.5,
        -1.03,
        -1.58,
        -2.04,
        -2.58,
        -3.11,
        -3.66,
        -4.13,
        -4.66,
        -5.2,
        -5.75,
        -6.22,
        -6.76,
        -7.29,
        -7.84,
        -8.32,
        -8.86,
        -9.4,
        -9.96,
        -10.43,
        -10.96,
        -11.51,
        -12.08,
        -12.56,
        -13.09,
        -13.64,
        -14.22,
        -14.72,
        -15.26,
        -15.83,
        -16.43
    ],
    "beam_azimuth_angles": 
    [
        3.12,
        0.94,
        -1.21,
        -3.35,
        3.09,
        0.95,
        -1.19,
        -3.3,
        3.08,
        0.95,
        -1.17,
        -3.25,
        3.07,
        0.97,
        -1.14,
        -3.23,
        3.07,
        0.97,
        -1.12,
        -3.19,
        3.07,
        0.98,
        -1.1,
        -3.16,
        3.09,
        1,
        -1.07,
        -3.15,
        3.09,
        1.03,
        -1.05,
        -3.13,
        3.11,
        1.03,
        -1.03,
        -3.11,
        3.14,
        1.06,
        -1.01,
        -3.1,
        3.17,
        1.08,
        -1,
        -3.08,
        3.19,
        1.11,
        -0.99,
        -3.07,
        3.23,
        1.13,
        -0.96,
        -3.07,
        3.26,
        1.17,
        -0.95,
        -3.06,
        3.31,
        1.19,
        -0.93,
        -3.07,
        3.38,
        1.24,
        -0.92,
        -3.08
    ],
    "build_date": "2021-06-18T06:44:07Z",
    "build_rev": "v2.1.1",
    "client_version": "0.2.0",
    "data_format": 
    {
        "column_window": 
        [
            0,
            1023
        ],
        "columns_per_frame": 1024,
        "columns_per_packet": 16,
        "pixel_shift_by_row": 
        [
            19,
            13,
            7,
            0,
            19,
            13,
            7,
            1,
            19,
            13,
            7,
            1,
            19,
            13,
            7,
            1,
            19,
            13,
            7,
            1,
            19,
            13,
            7,
            1,
            19,
            13,
            7,
            1,
            19,
            13,
            7,
            1,
            19,
            13,
            7,
            1,
            19,
            13,
            7,
            1,
            19,
            13,
            7,
            1,
            19,
            13,
            7,
            1,
            19,
            13,
            7,
            1,
            19,
            13,
            7,
            1,
            19,
            13,
            7,
            1,
            20,
            14,
            7,
            1
        ],
        "pixels_per_column": 64
    },
    "hostname": "os1-991942000600.local",
    "image_rev": "ousteros-image-prod-aries-v2.1.1+20210618064309",
    "imu_to_sensor_transform": 
    [
        1,
        0,
        0,
        6.253,
        0,
        1,
        0,
        -11.775,
        0,
        0,
        1,
        7.645,
        0,
        0,
        0,
        1
    ],
    "json_calibration_version": 3,
    "lidar_mode": "1024x10",
    "lidar_origin_to_beam_origin_mm": 12.163,
    "lidar_to_sensor_transform": 
    [
        -1,
        0,
        0,
        0,
        0,
        -1,
        0,
        0,
        0,
        0,
        1,
        36.18,
        0,
        0,
        0,
        1
    ],
    "prod_line": "OS-1-64",
    "prod_pn": "840-101855-02",
    "prod_sn": "991942000600",
    "proto_rev": "v1.1.1",
    "status": "RUNNING"
}
